representacao,tipo,algoritmo,vertices,densidade,execucao,tempo_ns,memoria_bytes
LA,esparso,Dijkstra,100,0.20,1,523900,1572864
MA,esparso,Dijkstra,100,0.20,1,603500,1016256
LA,esparso,Bellman-Ford,100,0.20,1,5638700,1572864
MA,esparso,Bellman-Ford,100,0.20,1,1705200,1016256
LA,esparso,Dijkstra,100,0.20,2,333100,1572864
MA,esparso,Dijkstra,100,0.20,2,572000,1016256
LA,esparso,Bellman-Ford,100,0.20,2,1820400,1572864
MA,esparso,Bellman-Ford,100,0.20,2,1497500,1016256
LA,esparso,Dijkstra,100,0.20,3,311900,1572864
MA,esparso,Dijkstra,100,0.20,3,376500,1016256
LA,esparso,Bellman-Ford,100,0.20,3,687200,1572864
MA,esparso,Bellman-Ford,100,0.20,3,798700,1016256
LA,esparso,Dijkstra,100,0.20,4,215300,1572864
MA,esparso,Dijkstra,100,0.20,4,280200,1016256
LA,esparso,Bellman-Ford,100,0.20,4,672400,1572864
MA,esparso,Bellman-Ford,100,0.20,4,811400,1016256
LA,esparso,Dijkstra,100,0.20,5,210500,1572864
MA,esparso,Dijkstra,100,0.20,5,284100,1016256
LA,esparso,Bellman-Ford,100,0.20,5,673300,1572864
MA,esparso,Bellman-Ford,100,0.20,5,719400,1016256
LA,esparso,Dijkstra,100,0.20,6,177200,1572864
MA,esparso,Dijkstra,100,0.20,6,277900,1016256
LA,esparso,Bellman-Ford,100,0.20,6,760200,1572864
MA,esparso,Bellman-Ford,100,0.20,6,722800,1016256
LA,esparso,Dijkstra,100,0.20,7,203800,1572864
MA,esparso,Dijkstra,100,0.20,7,260300,1016256
LA,esparso,Bellman-Ford,100,0.20,7,745700,1572864
MA,esparso,Bellman-Ford,100,0.20,7,898400,1016256
LA,esparso,Dijkstra,100,0.20,8,327800,1572864
MA,esparso,Dijkstra,100,0.20,8,255900,1016256
LA,esparso,Bellman-Ford,100,0.20,8,638500,1572864
MA,esparso,Bellman-Ford,100,0.20,8,577100,1016256
LA,esparso,Dijkstra,100,0.20,9,181900,1572864
MA,esparso,Dijkstra,100,0.20,9,239600,1016256
LA,esparso,Bellman-Ford,100,0.20,9,633600,1572864
MA,esparso,Bellman-Ford,100,0.20,9,568100,1016256
LA,esparso,Dijkstra,100,0.20,10,177000,1572864
MA,esparso,Dijkstra,100,0.20,10,291400,1016256
LA,esparso,Bellman-Ford,100,0.20,10,704700,1572864
MA,esparso,Bellman-Ford,100,0.20,10,278800,1016256
LA,esparso,Dijkstra,100,0.40,1,245700,2043464
MA,esparso,Dijkstra,100,0.40,1,348600,1953176
LA,esparso,Bellman-Ford,100,0.40,1,662100,2043464
MA,esparso,Bellman-Ford,100,0.40,1,480800,1953176
LA,esparso,Dijkstra,100,0.40,2,293200,2043464
MA,esparso,Dijkstra,100,0.40,2,323200,1953176
LA,esparso,Bellman-Ford,100,0.40,2,766100,2043464
MA,esparso,Bellman-Ford,100,0.40,2,493300,1953176
LA,esparso,Dijkstra,100,0.40,3,266200,2043464
MA,esparso,Dijkstra,100,0.40,3,324700,1953176
LA,esparso,Bellman-Ford,100,0.40,3,649400,2043464
MA,esparso,Bellman-Ford,100,0.40,3,494700,1953176
LA,esparso,Dijkstra,100,0.40,4,263400,2043464
MA,esparso,Dijkstra,100,0.40,4,258900,1953176
LA,esparso,Bellman-Ford,100,0.40,4,625600,2043464
MA,esparso,Bellman-Ford,100,0.40,4,491400,1953176
LA,esparso,Dijkstra,100,0.40,5,142100,2043464
MA,esparso,Dijkstra,100,0.40,5,204200,1953176
LA,esparso,Bellman-Ford,100,0.40,5,628900,2043464
MA,esparso,Bellman-Ford,100,0.40,5,492900,1953176
LA,esparso,Dijkstra,100,0.40,6,207900,2043464
MA,esparso,Dijkstra,100,0.40,6,226000,1953176
LA,esparso,Bellman-Ford,100,0.40,6,610700,2043464
MA,esparso,Bellman-Ford,100,0.40,6,516400,1953176
LA,esparso,Dijkstra,100,0.40,7,119100,2043464
MA,esparso,Dijkstra,100,0.40,7,192300,1953176
LA,esparso,Bellman-Ford,100,0.40,7,623300,2043464
MA,esparso,Bellman-Ford,100,0.40,7,737600,1953176
LA,esparso,Dijkstra,100,0.40,8,186600,2043464
MA,esparso,Dijkstra,100,0.40,8,271900,1953176
LA,esparso,Bellman-Ford,100,0.40,8,1036500,2043464
MA,esparso,Bellman-Ford,100,0.40,8,536800,1953176
LA,esparso,Dijkstra,100,0.40,9,105400,2043464
MA,esparso,Dijkstra,100,0.40,9,153700,1953176
LA,esparso,Bellman-Ford,100,0.40,9,605600,2043464
MA,esparso,Bellman-Ford,100,0.40,9,457500,1953176
LA,esparso,Dijkstra,100,0.40,10,102600,2043464
MA,esparso,Dijkstra,100,0.40,10,148300,1953176
LA,esparso,Bellman-Ford,100,0.40,10,601700,2043464
MA,esparso,Bellman-Ford,100,0.40,10,452700,1953176
LA,denso,Dijkstra,100,0.60,1,102900,3034288
MA,denso,Dijkstra,100,0.60,1,306800,2815600
LA,denso,Bellman-Ford,100,0.60,1,1722800,3034288
MA,denso,Bellman-Ford,100,0.60,1,1118500,2815600
LA,denso,Dijkstra,100,0.60,2,283600,3034288
MA,denso,Dijkstra,100,0.60,2,210000,2815600
LA,denso,Bellman-Ford,100,0.60,2,900400,3034288
MA,denso,Bellman-Ford,100,0.60,2,609500,2815600
LA,denso,Dijkstra,100,0.60,3,123100,3034288
MA,denso,Dijkstra,100,0.60,3,1218800,2815600
LA,denso,Bellman-Ford,100,0.60,3,920000,3034288
MA,denso,Bellman-Ford,100,0.60,3,608000,2815600
LA,denso,Dijkstra,100,0.60,4,141300,3034288
MA,denso,Dijkstra,100,0.60,4,170800,2815600
LA,denso,Bellman-Ford,100,0.60,4,909500,3034288
MA,denso,Bellman-Ford,100,0.60,4,605000,2815600
LA,denso,Dijkstra,100,0.60,5,119200,3034288
MA,denso,Dijkstra,100,0.60,5,168900,2815600
LA,denso,Bellman-Ford,100,0.60,5,907200,3034288
MA,denso,Bellman-Ford,100,0.60,5,637500,2815600
LA,denso,Dijkstra,100,0.60,6,119600,3034288
MA,denso,Dijkstra,100,0.60,6,174400,2815600
LA,denso,Bellman-Ford,100,0.60,6,905300,3034288
MA,denso,Bellman-Ford,100,0.60,6,1068900,2815600
LA,denso,Dijkstra,100,0.60,7,293400,3034288
MA,denso,Dijkstra,100,0.60,7,269300,2815600
LA,denso,Bellman-Ford,100,0.60,7,920800,3034288
MA,denso,Bellman-Ford,100,0.60,7,621600,2815600
LA,denso,Dijkstra,100,0.60,8,131000,3034288
MA,denso,Dijkstra,100,0.60,8,177000,2815600
LA,denso,Bellman-Ford,100,0.60,8,909800,3034288
MA,denso,Bellman-Ford,100,0.60,8,599300,2815600
LA,denso,Dijkstra,100,0.60,9,120500,3034288
MA,denso,Dijkstra,100,0.60,9,170400,2815600
LA,denso,Bellman-Ford,100,0.60,9,939000,3034288
MA,denso,Bellman-Ford,100,0.60,9,644100,2815600
LA,denso,Dijkstra,100,0.60,10,160600,3034288
MA,denso,Dijkstra,100,0.60,10,228000,2815600
LA,denso,Bellman-Ford,100,0.60,10,953200,3034288
MA,denso,Bellman-Ford,100,0.60,10,644000,2815600
LA,denso,Dijkstra,100,0.80,1,179200,3613888
MA,denso,Dijkstra,100,0.80,1,207900,3239792
LA,denso,Bellman-Ford,100,0.80,1,1267700,3613888
MA,denso,Bellman-Ford,100,0.80,1,716300,3239792
LA,denso,Dijkstra,100,0.80,2,211400,3613888
MA,denso,Dijkstra,100,0.80,2,189500,3239792
LA,denso,Bellman-Ford,100,0.80,2,1643800,3613888
MA,denso,Bellman-Ford,100,0.80,2,828600,3239792
LA,denso,Dijkstra,100,0.80,3,263900,3613888
MA,denso,Dijkstra,100,0.80,3,209800,3239792
LA,denso,Bellman-Ford,100,0.80,3,3638800,3613888
MA,denso,Bellman-Ford,100,0.80,3,776400,3239792
LA,denso,Dijkstra,100,0.80,4,253900,3613888
MA,denso,Dijkstra,100,0.80,4,197000,3239792
LA,denso,Bellman-Ford,100,0.80,4,1225500,3613888
MA,denso,Bellman-Ford,100,0.80,4,734600,3239792
LA,denso,Dijkstra,100,0.80,5,183900,3613888
MA,denso,Dijkstra,100,0.80,5,182200,3239792
LA,denso,Bellman-Ford,100,0.80,5,1220900,3613888
MA,denso,Bellman-Ford,100,0.80,5,1147700,3239792
LA,denso,Dijkstra,100,0.80,6,299300,3613888
MA,denso,Dijkstra,100,0.80,6,219700,3239792
LA,denso,Bellman-Ford,100,0.80,6,1272500,3613888
MA,denso,Bellman-Ford,100,0.80,6,801200,3239792
LA,denso,Dijkstra,100,0.80,7,219000,3613888
MA,denso,Dijkstra,100,0.80,7,192800,3239792
LA,denso,Bellman-Ford,100,0.80,7,1384900,3613888
MA,denso,Bellman-Ford,100,0.80,7,1224300,3239792
LA,denso,Dijkstra,100,0.80,8,270700,3613888
MA,denso,Dijkstra,100,0.80,8,192000,3239792
LA,denso,Bellman-Ford,100,0.80,8,1221200,3613888
MA,denso,Bellman-Ford,100,0.80,8,743600,3239792
LA,denso,Dijkstra,100,0.80,9,218500,3613888
MA,denso,Dijkstra,100,0.80,9,163300,3239792
LA,denso,Bellman-Ford,100,0.80,9,1215400,3613888
MA,denso,Bellman-Ford,100,0.80,9,711800,3239792
LA,denso,Dijkstra,100,0.80,10,171800,3613888
MA,denso,Dijkstra,100,0.80,10,1060700,3239792
LA,denso,Bellman-Ford,100,0.80,10,1249900,3613888
MA,denso,Bellman-Ford,100,0.80,10,783900,3239792
LA,denso,Dijkstra,100,1.00,1,161700,4718592
MA,denso,Dijkstra,100,1.00,1,228100,4054496
LA,denso,Bellman-Ford,100,1.00,1,1643200,4718592
MA,denso,Bellman-Ford,100,1.00,1,1200000,4054496
LA,denso,Dijkstra,100,1.00,2,260600,4718592
MA,denso,Dijkstra,100,1.00,2,231800,4054496
LA,denso,Bellman-Ford,100,1.00,2,1583700,4718592
MA,denso,Bellman-Ford,100,1.00,2,1198600,4054496
LA,denso,Dijkstra,100,1.00,3,258700,4718592
MA,denso,Dijkstra,100,1.00,3,377200,4054496
LA,denso,Bellman-Ford,100,1.00,3,2437800,4718592
MA,denso,Bellman-Ford,100,1.00,3,822200,4054496
LA,denso,Dijkstra,100,1.00,4,183900,4718592
MA,denso,Dijkstra,100,1.00,4,213900,4054496
LA,denso,Bellman-Ford,100,1.00,4,1733100,4718592
MA,denso,Bellman-Ford,100,1.00,4,1055100,4054496
LA,denso,Dijkstra,100,1.00,5,463100,4718592
MA,denso,Dijkstra,100,1.00,5,218200,4054496
LA,denso,Bellman-Ford,100,1.00,5,1554300,4718592
MA,denso,Bellman-Ford,100,1.00,5,805800,4054496
LA,denso,Dijkstra,100,1.00,6,1051100,4718592
MA,denso,Dijkstra,100,1.00,6,217200,4054496
LA,denso,Bellman-Ford,100,1.00,6,1539800,4718592
MA,denso,Bellman-Ford,100,1.00,6,814400,4054496
LA,denso,Dijkstra,100,1.00,7,156700,4718592
MA,denso,Dijkstra,100,1.00,7,215000,4054496
LA,denso,Bellman-Ford,100,1.00,7,1902300,4718592
MA,denso,Bellman-Ford,100,1.00,7,818600,4054496
LA,denso,Dijkstra,100,1.00,8,130000,4718592
MA,denso,Dijkstra,100,1.00,8,158200,4054496
LA,denso,Bellman-Ford,100,1.00,8,1597800,4718592
MA,denso,Bellman-Ford,100,1.00,8,808600,4054496
LA,denso,Dijkstra,100,1.00,9,134900,4718592
MA,denso,Dijkstra,100,1.00,9,149100,4054496
LA,denso,Bellman-Ford,100,1.00,9,1544300,4718592
MA,denso,Bellman-Ford,100,1.00,9,805200,4054496
LA,denso,Dijkstra,100,1.00,10,104300,4718592
MA,denso,Dijkstra,100,1.00,10,143400,4054496
LA,denso,Bellman-Ford,100,1.00,10,1536200,4718592
MA,denso,Bellman-Ford,100,1.00,10,815800,4054496
LA,esparso,Dijkstra,200,0.40,1,143800,1436904
MA,esparso,Dijkstra,200,0.40,1,393700,722088
LA,esparso,Bellman-Ford,200,0.40,1,3961600,1436904
MA,esparso,Bellman-Ford,200,0.40,1,3350100,722088
LA,esparso,Dijkstra,200,0.40,2,190500,1436904
MA,esparso,Dijkstra,200,0.40,2,418100,722088
LA,esparso,Bellman-Ford,200,0.40,2,4118700,1436904
MA,esparso,Bellman-Ford,200,0.40,2,3307900,722088
LA,esparso,Dijkstra,200,0.40,3,172700,1436904
MA,esparso,Dijkstra,200,0.40,3,398400,722088
LA,esparso,Bellman-Ford,200,0.40,3,4075000,1436904
MA,esparso,Bellman-Ford,200,0.40,3,3492300,722088
LA,esparso,Dijkstra,200,0.40,4,197200,1436904
MA,esparso,Dijkstra,200,0.40,4,394100,722088
LA,esparso,Bellman-Ford,200,0.40,4,4793300,1436904
MA,esparso,Bellman-Ford,200,0.40,4,3417000,722088
LA,esparso,Dijkstra,200,0.40,5,202600,1436904
MA,esparso,Dijkstra,200,0.40,5,536200,722088
LA,esparso,Bellman-Ford,200,0.40,5,3984500,1436904
MA,esparso,Bellman-Ford,200,0.40,5,3430000,722088
LA,esparso,Dijkstra,200,0.40,6,198400,1436904
MA,esparso,Dijkstra,200,0.40,6,516300,722088
LA,esparso,Bellman-Ford,200,0.40,6,3973000,1436904
MA,esparso,Bellman-Ford,200,0.40,6,3476800,722088
LA,esparso,Dijkstra,200,0.40,7,197500,1436904
MA,esparso,Dijkstra,200,0.40,7,524600,722088
LA,esparso,Bellman-Ford,200,0.40,7,4558000,1436904
MA,esparso,Bellman-Ford,200,0.40,7,3648600,722088
LA,esparso,Dijkstra,200,0.40,8,204200,1436904
MA,esparso,Dijkstra,200,0.40,8,534200,722088
LA,esparso,Bellman-Ford,200,0.40,8,4257300,1436904
MA,esparso,Bellman-Ford,200,0.40,8,4485100,722088
LA,esparso,Dijkstra,200,0.40,9,244000,1436904
MA,esparso,Dijkstra,200,0.40,9,529900,722088
LA,esparso,Bellman-Ford,200,0.40,9,3717700,1436904
MA,esparso,Bellman-Ford,200,0.40,9,4143900,722088
LA,esparso,Dijkstra,200,0.40,10,295900,1436904
MA,esparso,Dijkstra,200,0.40,10,598900,722088
LA,esparso,Bellman-Ford,200,0.40,10,5677700,1436904
MA,esparso,Bellman-Ford,200,0.40,10,3239600,722088
LA,denso,Dijkstra,200,0.60,1,215300,3040224
MA,denso,Dijkstra,200,0.60,1,874200,1866912
LA,denso,Bellman-Ford,200,0.60,1,7693100,3040224
MA,denso,Bellman-Ford,200,0.60,1,4524900,1866912
LA,denso,Dijkstra,200,0.60,2,252200,3040224
MA,denso,Dijkstra,200,0.60,2,502500,1866912
LA,denso,Bellman-Ford,200,0.60,2,6412000,3040224
MA,denso,Bellman-Ford,200,0.60,2,4509200,1866912
LA,denso,Dijkstra,200,0.60,3,248200,3040224
MA,denso,Dijkstra,200,0.60,3,506100,1866912
LA,denso,Bellman-Ford,200,0.60,3,6156500,3040224
MA,denso,Bellman-Ford,200,0.60,3,4747500,1866912
LA,denso,Dijkstra,200,0.60,4,353300,3040224
MA,denso,Dijkstra,200,0.60,4,504500,1866912
LA,denso,Bellman-Ford,200,0.60,4,7819600,3040224
MA,denso,Bellman-Ford,200,0.60,4,4429000,1866912
LA,denso,Dijkstra,200,0.60,5,283000,3040224
MA,denso,Dijkstra,200,0.60,5,515600,1866912
LA,denso,Bellman-Ford,200,0.60,5,5873800,3040224
MA,denso,Bellman-Ford,200,0.60,5,6153200,1866912
LA,denso,Dijkstra,200,0.60,6,288800,3040224
MA,denso,Dijkstra,200,0.60,6,523200,1866912
LA,denso,Bellman-Ford,200,0.60,6,5690200,3040224
MA,denso,Bellman-Ford,200,0.60,6,4305500,1866912
LA,denso,Dijkstra,200,0.60,7,418600,3040224
MA,denso,Dijkstra,200,0.60,7,533300,1866912
LA,denso,Bellman-Ford,200,0.60,7,8295600,3040224
MA,denso,Bellman-Ford,200,0.60,7,4314400,1866912
LA,denso,Dijkstra,200,0.60,8,265900,3040224
MA,denso,Dijkstra,200,0.60,8,615000,1866912
LA,denso,Bellman-Ford,200,0.60,8,5977400,3040224
MA,denso,Bellman-Ford,200,0.60,8,4364600,1866912
LA,denso,Dijkstra,200,0.60,9,246100,3040224
MA,denso,Dijkstra,200,0.60,9,659700,1866912
LA,denso,Bellman-Ford,200,0.60,9,6353500,3040224
MA,denso,Bellman-Ford,200,0.60,9,6635000,1866912
LA,denso,Dijkstra,200,0.60,10,360900,3040224
MA,denso,Dijkstra,200,0.60,10,923100,1866912
LA,denso,Bellman-Ford,200,0.60,10,8212100,3040224
MA,denso,Bellman-Ford,200,0.60,10,4391400,1866912
LA,denso,Dijkstra,200,0.80,1,761400,6477184
MA,denso,Dijkstra,200,0.80,1,3154900,6173080
LA,denso,Bellman-Ford,200,0.80,1,21436900,6477184
MA,denso,Bellman-Ford,200,0.80,1,8589400,6173080
LA,denso,Dijkstra,200,0.80,2,409200,6477184
MA,denso,Dijkstra,200,0.80,2,551900,6173080
LA,denso,Bellman-Ford,200,0.80,2,8463500,6477184
MA,denso,Bellman-Ford,200,0.80,2,5416200,6173080
LA,denso,Dijkstra,200,0.80,3,328800,6477184
MA,denso,Dijkstra,200,0.80,3,1916300,6173080
LA,denso,Bellman-Ford,200,0.80,3,9166400,6477184
MA,denso,Bellman-Ford,200,0.80,3,5225900,6173080
LA,denso,Dijkstra,200,0.80,4,497100,6477184
MA,denso,Dijkstra,200,0.80,4,539700,6173080
LA,denso,Bellman-Ford,200,0.80,4,10248300,6477184
MA,denso,Bellman-Ford,200,0.80,4,6883700,6173080
LA,denso,Dijkstra,200,0.80,5,363600,6477184
MA,denso,Dijkstra,200,0.80,5,587200,6173080
LA,denso,Bellman-Ford,200,0.80,5,10382300,6477184
MA,denso,Bellman-Ford,200,0.80,5,6738000,6173080
LA,denso,Dijkstra,200,0.80,6,338900,6477184
MA,denso,Dijkstra,200,0.80,6,720300,6173080
LA,denso,Bellman-Ford,200,0.80,6,10663000,6477184
MA,denso,Bellman-Ford,200,0.80,6,6827500,6173080
LA,denso,Dijkstra,200,0.80,7,331500,6477184
MA,denso,Dijkstra,200,0.80,7,727100,6173080
LA,denso,Bellman-Ford,200,0.80,7,9897200,6477184
MA,denso,Bellman-Ford,200,0.80,7,6581600,6173080
LA,denso,Dijkstra,200,0.80,8,310700,6477184
MA,denso,Dijkstra,200,0.80,8,1799100,6173080
LA,denso,Bellman-Ford,200,0.80,8,10039500,6477184
MA,denso,Bellman-Ford,200,0.80,8,7089600,6173080
LA,denso,Dijkstra,200,0.80,9,403600,6477184
MA,denso,Dijkstra,200,0.80,9,788200,6173080
LA,denso,Bellman-Ford,200,0.80,9,9847600,6477184
MA,denso,Bellman-Ford,200,0.80,9,7246800,6173080
LA,denso,Dijkstra,200,0.80,10,391200,6477184
MA,denso,Dijkstra,200,0.80,10,767500,6173080
LA,denso,Bellman-Ford,200,0.80,10,9807900,6477184
MA,denso,Bellman-Ford,200,0.80,10,5841500,6173080
LA,denso,Dijkstra,200,1.00,1,331900,3336776
MA,denso,Dijkstra,200,1.00,1,602800,5003488
LA,denso,Bellman-Ford,200,1.00,1,12570200,3336776
MA,denso,Bellman-Ford,200,1.00,1,6912100,5003488
LA,denso,Dijkstra,200,1.00,2,409700,3336776
MA,denso,Dijkstra,200,1.00,2,535800,5003488
LA,denso,Bellman-Ford,200,1.00,2,12332500,3336776
MA,denso,Bellman-Ford,200,1.00,2,6457400,5003488
LA,denso,Dijkstra,200,1.00,3,520700,3336776
MA,denso,Dijkstra,200,1.00,3,570500,5003488
LA,denso,Bellman-Ford,200,1.00,3,10938800,3336776
MA,denso,Bellman-Ford,200,1.00,3,6508000,5003488
LA,denso,Dijkstra,200,1.00,4,1157400,3336776
MA,denso,Dijkstra,200,1.00,4,900200,5003488
LA,denso,Bellman-Ford,200,1.00,4,14281400,3336776
MA,denso,Bellman-Ford,200,1.00,4,10235600,5003488
LA,denso,Dijkstra,200,1.00,5,690100,3336776
MA,denso,Dijkstra,200,1.00,5,779600,5003488
LA,denso,Bellman-Ford,200,1.00,5,13469600,3336776
MA,denso,Bellman-Ford,200,1.00,5,8143600,5003488
LA,denso,Dijkstra,200,1.00,6,393000,3336776
MA,denso,Dijkstra,200,1.00,6,581600,5003488
LA,denso,Bellman-Ford,200,1.00,6,11835800,3336776
MA,denso,Bellman-Ford,200,1.00,6,6595400,5003488
LA,denso,Dijkstra,200,1.00,7,369300,3336776
MA,denso,Dijkstra,200,1.00,7,776300,5003488
LA,denso,Bellman-Ford,200,1.00,7,11395700,3336776
MA,denso,Bellman-Ford,200,1.00,7,7485300,5003488
LA,denso,Dijkstra,200,1.00,8,518300,3336776
MA,denso,Dijkstra,200,1.00,8,775700,5003488
LA,denso,Bellman-Ford,200,1.00,8,10862800,3336776
MA,denso,Bellman-Ford,200,1.00,8,6761900,5003488
LA,denso,Dijkstra,200,1.00,9,374600,3336776
MA,denso,Dijkstra,200,1.00,9,801900,5003488
LA,denso,Bellman-Ford,200,1.00,9,10996700,3336776
MA,denso,Bellman-Ford,200,1.00,9,6510000,5003488
LA,denso,Dijkstra,200,1.00,10,376300,3336776
MA,denso,Dijkstra,200,1.00,10,967100,5003488
LA,denso,Bellman-Ford,200,1.00,10,14766800,3336776
MA,denso,Bellman-Ford,200,1.00,10,6889000,5003488
LA,esparso,Dijkstra,200,0.20,1,117500,3670016
MA,esparso,Dijkstra,200,0.20,1,274800,3519640
LA,esparso,Bellman-Ford,200,0.20,1,2511100,3670016
MA,esparso,Bellman-Ford,200,0.20,1,1871600,3519640
LA,esparso,Dijkstra,200,0.20,2,128300,3670016
MA,esparso,Dijkstra,200,0.20,2,273800,3519640
LA,esparso,Bellman-Ford,200,0.20,2,2461500,3670016
MA,esparso,Bellman-Ford,200,0.20,2,1891600,3519640
LA,esparso,Dijkstra,200,0.20,3,122200,3670016
MA,esparso,Dijkstra,200,0.20,3,263000,3519640
LA,esparso,Bellman-Ford,200,0.20,3,2440200,3670016
MA,esparso,Bellman-Ford,200,0.20,3,1851700,3519640
LA,esparso,Dijkstra,200,0.20,4,122000,3670016
MA,esparso,Dijkstra,200,0.20,4,280300,3519640
LA,esparso,Bellman-Ford,200,0.20,4,3156100,3670016
MA,esparso,Bellman-Ford,200,0.20,4,1872000,3519640
LA,esparso,Dijkstra,200,0.20,5,125600,3670016
MA,esparso,Dijkstra,200,0.20,5,277600,3519640
LA,esparso,Bellman-Ford,200,0.20,5,2388200,3670016
MA,esparso,Bellman-Ford,200,0.20,5,3067900,3519640
LA,esparso,Dijkstra,200,0.20,6,141700,3670016
MA,esparso,Dijkstra,200,0.20,6,284800,3519640
LA,esparso,Bellman-Ford,200,0.20,6,2478400,3670016
MA,esparso,Bellman-Ford,200,0.20,6,1910300,3519640
LA,esparso,Dijkstra,200,0.20,7,175200,3670016
MA,esparso,Dijkstra,200,0.20,7,289400,3519640
LA,esparso,Bellman-Ford,200,0.20,7,2425700,3670016
MA,esparso,Bellman-Ford,200,0.20,7,1848700,3519640
LA,esparso,Dijkstra,200,0.20,8,147600,3670016
MA,esparso,Dijkstra,200,0.20,8,275400,3519640
LA,esparso,Bellman-Ford,200,0.20,8,2394700,3670016
MA,esparso,Bellman-Ford,200,0.20,8,1853600,3519640
LA,esparso,Dijkstra,200,0.20,9,146400,3670016
MA,esparso,Dijkstra,200,0.20,9,293000,3519640
LA,esparso,Bellman-Ford,200,0.20,9,2389200,3670016
MA,esparso,Bellman-Ford,200,0.20,9,1844200,3519640
LA,esparso,Dijkstra,200,0.20,10,123500,3670016
MA,esparso,Dijkstra,200,0.20,10,301800,3519640
LA,esparso,Bellman-Ford,200,0.20,10,2385800,3670016
MA,esparso,Bellman-Ford,200,0.20,10,1837300,3519640
LA,denso,Dijkstra,500,0.60,1,1191500,8677008
MA,denso,Dijkstra,500,0.60,1,3587400,20277304
LA,denso,Bellman-Ford,500,0.60,1,149441300,8677008
MA,denso,Bellman-Ford,500,0.60,1,74233800,20277304
LA,denso,Dijkstra,500,0.60,2,1340500,8677008
MA,denso,Dijkstra,500,0.60,2,3730600,20277304
LA,denso,Bellman-Ford,500,0.60,2,134102400,8677008
MA,denso,Bellman-Ford,500,0.60,2,81832400,20277304
LA,denso,Dijkstra,500,0.60,3,1570500,8677008
MA,denso,Dijkstra,500,0.60,3,2738300,20277304
LA,denso,Bellman-Ford,500,0.60,3,121985300,8677008
MA,denso,Bellman-Ford,500,0.60,3,82575500,20277304
LA,denso,Dijkstra,500,0.60,4,1514100,8677008
MA,denso,Dijkstra,500,0.60,4,2696200,20277304
LA,denso,Bellman-Ford,500,0.60,4,130087300,8677008
MA,denso,Bellman-Ford,500,0.60,4,80731600,20277304
LA,denso,Dijkstra,500,0.60,5,2357900,8677008
MA,denso,Dijkstra,500,0.60,5,3263500,20277304
LA,denso,Bellman-Ford,500,0.60,5,200726700,8677008
MA,denso,Bellman-Ford,500,0.60,5,99622800,20277304
LA,denso,Dijkstra,500,0.60,6,1571800,8677008
MA,denso,Dijkstra,500,0.60,6,4313200,20277304
LA,denso,Bellman-Ford,500,0.60,6,153207700,8677008
MA,denso,Bellman-Ford,500,0.60,6,103312400,20277304
LA,denso,Dijkstra,500,0.60,7,1699400,8677008
MA,denso,Dijkstra,500,0.60,7,19800500,20277304
LA,denso,Bellman-Ford,500,0.60,7,157161300,8677008
MA,denso,Bellman-Ford,500,0.60,7,101959200,20277304
LA,denso,Dijkstra,500,0.60,8,1374400,8677008
MA,denso,Dijkstra,500,0.60,8,3594700,20277304
LA,denso,Bellman-Ford,500,0.60,8,139747400,8677008
MA,denso,Bellman-Ford,500,0.60,8,87158500,20277304
LA,denso,Dijkstra,500,0.60,9,1663700,8677008
MA,denso,Dijkstra,500,0.60,9,3208300,20277304
LA,denso,Bellman-Ford,500,0.60,9,145726600,8677008
MA,denso,Bellman-Ford,500,0.60,9,119095100,20277304
LA,denso,Dijkstra,500,0.60,10,2112800,8677008
MA,denso,Dijkstra,500,0.60,10,4156500,20277304
LA,denso,Bellman-Ford,500,0.60,10,142376900,8677008
MA,denso,Bellman-Ford,500,0.60,10,83431400,20277304
LA,denso,Dijkstra,500,0.80,1,1988600,38262368
MA,denso,Dijkstra,500,0.80,1,4911000,30411912
LA,denso,Bellman-Ford,500,0.80,1,313296400,38262368
MA,denso,Bellman-Ford,500,0.80,1,106193800,30411912
LA,denso,Dijkstra,500,0.80,2,2187600,38262368
MA,denso,Dijkstra,500,0.80,2,4066500,30411912
LA,denso,Bellman-Ford,500,0.80,2,272100000,38262368
MA,denso,Bellman-Ford,500,0.80,2,116651700,30411912
LA,denso,Dijkstra,500,0.80,3,2561700,38262368
MA,denso,Dijkstra,500,0.80,3,12325600,30411912
LA,denso,Bellman-Ford,500,0.80,3,302042300,38262368
MA,denso,Bellman-Ford,500,0.80,3,108078400,30411912
LA,denso,Dijkstra,500,0.80,4,2257600,38262368
MA,denso,Dijkstra,500,0.80,4,3311100,30411912
LA,denso,Bellman-Ford,500,0.80,4,277050300,38262368
MA,denso,Bellman-Ford,500,0.80,4,115645800,30411912
LA,denso,Dijkstra,500,0.80,5,2321600,38262368
MA,denso,Dijkstra,500,0.80,5,3787600,30411912
LA,denso,Bellman-Ford,500,0.80,5,283037000,38262368
MA,denso,Bellman-Ford,500,0.80,5,114601000,30411912
LA,denso,Dijkstra,500,0.80,6,2320700,38262368
MA,denso,Dijkstra,500,0.80,6,3209700,30411912
LA,denso,Bellman-Ford,500,0.80,6,292857400,38262368
MA,denso,Bellman-Ford,500,0.80,6,111007000,30411912
LA,denso,Dijkstra,500,0.80,7,2394000,38262368
MA,denso,Dijkstra,500,0.80,7,21732900,30411912
LA,denso,Bellman-Ford,500,0.80,7,288267800,38262368
MA,denso,Bellman-Ford,500,0.80,7,128222700,30411912
LA,denso,Dijkstra,500,0.80,8,2330600,38262368
MA,denso,Dijkstra,500,0.80,8,3542900,30411912
LA,denso,Bellman-Ford,500,0.80,8,326027600,38262368
MA,denso,Bellman-Ford,500,0.80,8,99579400,30411912
LA,denso,Dijkstra,500,0.80,9,2061600,38262368
MA,denso,Dijkstra,500,0.80,9,3619700,30411912
LA,denso,Bellman-Ford,500,0.80,9,285357800,38262368
MA,denso,Bellman-Ford,500,0.80,9,107838100,30411912
LA,denso,Dijkstra,500,0.80,10,2094900,38262368
MA,denso,Dijkstra,500,0.80,10,3292800,30411912
LA,denso,Bellman-Ford,500,0.80,10,291765000,38262368
MA,denso,Bellman-Ford,500,0.80,10,144608400,30411912
LA,denso,Dijkstra,500,1.00,1,1988000,24270272
MA,denso,Dijkstra,500,1.00,1,5007400,59654616
LA,denso,Bellman-Ford,500,1.00,1,439325400,24270272
MA,denso,Bellman-Ford,500,1.00,1,160034900,59654616
LA,denso,Dijkstra,500,1.00,2,2801100,24270272
MA,denso,Dijkstra,500,1.00,2,3663900,59654616
LA,denso,Bellman-Ford,500,1.00,2,393508800,24270272
MA,denso,Bellman-Ford,500,1.00,2,129192000,59654616
LA,denso,Dijkstra,500,1.00,3,2418400,24270272
MA,denso,Dijkstra,500,1.00,3,3424600,59654616
LA,denso,Bellman-Ford,500,1.00,3,431867200,24270272
MA,denso,Bellman-Ford,500,1.00,3,164061900,59654616
LA,denso,Dijkstra,500,1.00,4,2555200,24270272
MA,denso,Dijkstra,500,1.00,4,3647300,59654616
LA,denso,Bellman-Ford,500,1.00,4,460144900,24270272
MA,denso,Bellman-Ford,500,1.00,4,138433500,59654616
LA,denso,Dijkstra,500,1.00,5,2711600,24270272
MA,denso,Dijkstra,500,1.00,5,4069500,59654616
LA,denso,Bellman-Ford,500,1.00,5,403701000,24270272
MA,denso,Bellman-Ford,500,1.00,5,171639000,59654616
LA,denso,Dijkstra,500,1.00,6,2439400,24270272
MA,denso,Dijkstra,500,1.00,6,3497200,59654616
LA,denso,Bellman-Ford,500,1.00,6,531563600,24270272
MA,denso,Bellman-Ford,500,1.00,6,315015800,59654616
LA,denso,Dijkstra,500,1.00,7,4200300,24270272
MA,denso,Dijkstra,500,1.00,7,4151000,59654616
LA,denso,Bellman-Ford,500,1.00,7,546569600,24270272
MA,denso,Bellman-Ford,500,1.00,7,163113400,59654616
LA,denso,Dijkstra,500,1.00,8,4560800,24270272
MA,denso,Dijkstra,500,1.00,8,6000500,59654616
LA,denso,Bellman-Ford,500,1.00,8,633318600,24270272
MA,denso,Bellman-Ford,500,1.00,8,183702700,59654616
LA,denso,Dijkstra,500,1.00,9,4023200,24270272
MA,denso,Dijkstra,500,1.00,9,4363700,59654616
LA,denso,Bellman-Ford,500,1.00,9,474717700,24270272
MA,denso,Bellman-Ford,500,1.00,9,172486600,59654616
LA,denso,Dijkstra,500,1.00,10,2967300,24270272
MA,denso,Dijkstra,500,1.00,10,3800400,59654616
LA,denso,Bellman-Ford,500,1.00,10,385991400,24270272
MA,denso,Bellman-Ford,500,1.00,10,143636800,59654616
LA,esparso,Dijkstra,500,0.20,1,1402100,14678144
MA,esparso,Dijkstra,500,0.20,1,3738000,6182040
LA,esparso,Bellman-Ford,500,0.20,1,82925000,14678144
MA,esparso,Bellman-Ford,500,0.20,1,44431900,6182040
LA,esparso,Dijkstra,500,0.20,2,1378800,14678144
MA,esparso,Dijkstra,500,0.20,2,1844400,6182040
LA,esparso,Bellman-Ford,500,0.20,2,60246000,14678144
MA,esparso,Bellman-Ford,500,0.20,2,42319500,6182040
LA,esparso,Dijkstra,500,0.20,3,903100,14678144
MA,esparso,Dijkstra,500,0.20,3,1776200,6182040
LA,esparso,Bellman-Ford,500,0.20,3,57814400,14678144
MA,esparso,Bellman-Ford,500,0.20,3,35440200,6182040
LA,esparso,Dijkstra,500,0.20,4,828200,14678144
MA,esparso,Dijkstra,500,0.20,4,1743500,6182040
LA,esparso,Bellman-Ford,500,0.20,4,66768300,14678144
MA,esparso,Bellman-Ford,500,0.20,4,56623000,6182040
LA,esparso,Dijkstra,500,0.20,5,1731700,14678144
MA,esparso,Dijkstra,500,0.20,5,2206600,6182040
LA,esparso,Bellman-Ford,500,0.20,5,76267100,14678144
MA,esparso,Bellman-Ford,500,0.20,5,45537400,6182040
LA,esparso,Dijkstra,500,0.20,6,1321600,14678144
MA,esparso,Dijkstra,500,0.20,6,1765500,6182040
LA,esparso,Bellman-Ford,500,0.20,6,61180400,14678144
MA,esparso,Bellman-Ford,500,0.20,6,40614500,6182040
LA,esparso,Dijkstra,500,0.20,7,1417600,14678144
MA,esparso,Dijkstra,500,0.20,7,2326500,6182040
LA,esparso,Bellman-Ford,500,0.20,7,54055100,14678144
MA,esparso,Bellman-Ford,500,0.20,7,37912800,6182040
LA,esparso,Dijkstra,500,0.20,8,840600,14678144
MA,esparso,Dijkstra,500,0.20,8,2204800,6182040
LA,esparso,Bellman-Ford,500,0.20,8,59865200,14678144
MA,esparso,Bellman-Ford,500,0.20,8,41596200,6182040
LA,esparso,Dijkstra,500,0.20,9,808900,14678144
MA,esparso,Dijkstra,500,0.20,9,1922400,6182040
LA,esparso,Bellman-Ford,500,0.20,9,68729600,14678144
MA,esparso,Bellman-Ford,500,0.20,9,45949200,6182040
LA,esparso,Dijkstra,500,0.20,10,904800,14678144
MA,esparso,Dijkstra,500,0.20,10,2277800,6182040
LA,esparso,Bellman-Ford,500,0.20,10,64123000,14678144
MA,esparso,Bellman-Ford,500,0.20,10,41851100,6182040
LA,esparso,Dijkstra,500,0.40,1,2237700,22132936
MA,esparso,Dijkstra,500,0.40,1,4512100,3637824
LA,esparso,Bellman-Ford,500,0.40,1,211463200,22132936
MA,esparso,Bellman-Ford,500,0.40,1,94435600,3637824
LA,esparso,Dijkstra,500,0.40,2,1768700,22132936
MA,esparso,Dijkstra,500,0.40,2,6406500,3637824
LA,esparso,Bellman-Ford,500,0.40,2,211488200,22132936
MA,esparso,Bellman-Ford,500,0.40,2,233780600,3637824
LA,esparso,Dijkstra,500,0.40,3,2715700,22132936
MA,esparso,Dijkstra,500,0.40,3,6302300,3637824
LA,esparso,Bellman-Ford,500,0.40,3,208947200,22132936
MA,esparso,Bellman-Ford,500,0.40,3,87595200,3637824
LA,esparso,Dijkstra,500,0.40,4,1637500,22132936
MA,esparso,Dijkstra,500,0.40,4,3979000,3637824
LA,esparso,Bellman-Ford,500,0.40,4,154289100,22132936
MA,esparso,Bellman-Ford,500,0.40,4,111808100,3637824
LA,esparso,Dijkstra,500,0.40,5,2236300,22132936
MA,esparso,Dijkstra,500,0.40,5,4272400,3637824
LA,esparso,Bellman-Ford,500,0.40,5,177559100,22132936
MA,esparso,Bellman-Ford,500,0.40,5,84937000,3637824
LA,esparso,Dijkstra,500,0.40,6,3070100,22132936
MA,esparso,Dijkstra,500,0.40,6,4474000,3637824
LA,esparso,Bellman-Ford,500,0.40,6,169246700,22132936
MA,esparso,Bellman-Ford,500,0.40,6,91650700,3637824
LA,esparso,Dijkstra,500,0.40,7,1486700,22132936
MA,esparso,Dijkstra,500,0.40,7,2851400,3637824
LA,esparso,Bellman-Ford,500,0.40,7,123948400,22132936
MA,esparso,Bellman-Ford,500,0.40,7,76638200,3637824
LA,esparso,Dijkstra,500,0.40,8,3489400,22132936
MA,esparso,Dijkstra,500,0.40,8,4415800,3637824
LA,esparso,Bellman-Ford,500,0.40,8,181355600,22132936
MA,esparso,Bellman-Ford,500,0.40,8,96330300,3637824
LA,esparso,Dijkstra,500,0.40,9,1470600,22132936
MA,esparso,Dijkstra,500,0.40,9,3767100,3637824
LA,esparso,Bellman-Ford,500,0.40,9,160699400,22132936
MA,esparso,Bellman-Ford,500,0.40,9,73492500,3637824
LA,esparso,Dijkstra,500,0.40,10,1437700,22132936
MA,esparso,Dijkstra,500,0.40,10,2575200,3637824
LA,esparso,Bellman-Ford,500,0.40,10,147877500,22132936
MA,esparso,Bellman-Ford,500,0.40,10,91606400,3637824
